[
    {
        "numId": 33,
        "id": "backpacks",
        "name": "Backpacks",
        "shortName": "Backpacks",
        "fullName": "Women's Backpacks",
        "localizedId": "backpacks"
    },
    {
        "numId": 139,
        "id": "womens-tops",
        "name": "Tops",
        "shortName": "Tops",
        "fullName": "Women's Tops",
        "localizedId": "womens-tops"
    },
    {
        "numId": 2044,
        "id": "womens-sneaker-low-top",
        "name": "Low Top Sneakers",
        "shortName": "Low Top",
        "fullName": "Women's Low Top Sneakers",
        "localizedId": "womens-sneaker-low-top"
    },
    {
        "numId": 53,
        "id": "blazers",
        "name": "Blazers",
        "shortName": "Blazers",
        "fullName": "Women's Blazers",
        "localizedId": "blazers"
    },
    {
        "numId": 40,
        "id": "tote-bags",
        "name": "Tote Bags",
        "shortName": "Totes",
        "fullName": "Women's Tote Bags",
        "localizedId": "tote-bags"
    },
    {
        "numId": 1995,
        "id": "midi-dresses",
        "name": "Midi Dresses",
        "shortName": "Midi",
        "fullName": "Women's Midi Dresses",
        "localizedId": "midi-dresses"
    },
    {
        "numId": 1990,
        "id": "floral-dresses",
        "name": "Floral Dresses",
        "shortName": "Floral",
        "fullName": "Women's Floral Dresses",
        "localizedId": "floral-dresses"
    },
    {
        "numId": 121,
        "id": "mini-skirts",
        "name": "Mini Skirts",
        "shortName": "Mini",
        "fullName": "Women's Mini Skirts",
        "localizedId": "mini-skirts"
    },
    {
        "numId": 132,
        "id": "crewneck-sweaters",
        "name": "Crewneck & Swoop Neck Sweaters",
        "shortName": "Crewnecks & Scoopnecks",
        "fullName": "Women's Crewneck & Scoop Neck Sweaters",
        "localizedId": "crewneck-sweaters"
    },
    {
        "numId": 78,
        "id": "womens-outerwear",
        "name": "Outerwear",
        "shortName": "Coats",
        "fullName": "Women's Outerwear",
        "localizedId": "womens-outerwear"
    },
    {
        "numId": 52,
        "id": "jackets",
        "name": "Jackets",
        "shortName": "Jackets",
        "fullName": "Women's Jackets",
        "localizedId": "jackets"
    },
    {
        "numId": 91,
        "id": "wide-leg-pants",
        "name": "Wide-Leg Pants",
        "shortName": "Wide Leg",
        "fullName": "Women's Wide-Leg Pants",
        "localizedId": "wide-leg-pants"
    },
    {
        "numId": 1724,
        "id": "womens-sneakers",
        "name": "Sneakers & Athletic Shoes",
        "shortName": "Sneakers & Athletic",
        "fullName": "Women's Sneakers & Athletic Shoes",
        "localizedId": "womens-sneakers"
    },
    {
        "numId": 117,
        "id": "sandals",
        "name": "Sandals",
        "shortName": "Sandals",
        "fullName": "Women's Sandals",
        "localizedId": "sandals"
    },
    {
        "numId": 54,
        "id": "casual-jackets",
        "name": "Casual Jackets",
        "shortName": "Casual",
        "fullName": "Women's Casual Jackets",
        "localizedId": "casual-jackets"
    },
    {
        "numId": 909,
        "id": "mascara",
        "name": "Mascara",
        "shortName": "Mascara",
        "fullName": "Mascara",
        "localizedId": "mascara"
    },
    {
        "numId": 39,
        "id": "shoulder-bags",
        "name": "Shoulder Bags",
        "shortName": "Shoulder",
        "fullName": "Women's Shoulder Bags",
        "localizedId": "shoulder-bags"
    },
    {
        "numId": 110,
        "id": "shoes-athletic",
        "name": "Performance Sneakers",
        "shortName": "Performance",
        "fullName": "Women's Performance Sneakers",
        "localizedId": "shoes-athletic"
    },
    {
        "numId": 13,
        "id": "womens-athletic-clothes",
        "name": "Activewear",
        "shortName": "Activewear",
        "fullName": "Women's Activewear",
        "localizedId": "womens-athletic-clothes"
    },
    {
        "numId": 34,
        "id": "clutches",
        "name": "Clutches",
        "shortName": "Clutches",
        "fullName": "Women's Clutches",
        "localizedId": "clutches"
    },
    {
        "numId": 35,
        "id": "evening-handbags",
        "name": "Evening Bags",
        "shortName": "Evening",
        "fullName": "Women's Evening Bags",
        "localizedId": "evening-handbags"
    },
    {
        "numId": 113,
        "id": "flats",
        "name": "Flats",
        "shortName": "Flats",
        "fullName": "Women's Flats",
        "localizedId": "flats"
    },
    {
        "numId": 111,
        "id": "boots",
        "name": "Boots",
        "shortName": "Boots",
        "fullName": "Women's Boots",
        "localizedId": "boots"
    },
    {
        "numId": 30,
        "id": "evening-dresses",
        "name": "Evening Dresses",
        "shortName": "Evening",
        "fullName": "Women's Evening Dresses",
        "localizedId": "evening-dresses"
    },
    {
        "numId": 2043,
        "id": "womens-sneaker-high-top",
        "name": "High Top Sneakers",
        "shortName": "High Top",
        "fullName": "Women's High Top Sneakers",
        "localizedId": "womens-sneaker-high-top"
    },
    {
        "numId": 11,
        "id": "sunglasses",
        "name": "Sunglasses",
        "shortName": "Sunglasses",
        "fullName": "Women's Sunglasses",
        "localizedId": "sunglasses"
    },
    {
        "numId": 414,
        "id": "perfume",
        "name": "Fragrances",
        "shortName": "Fragrances",
        "fullName": "Perfume",
        "localizedId": "perfume"
    },
    {
        "numId": 119,
        "id": "shorts",
        "name": "Shorts",
        "shortName": "Shorts",
        "fullName": "Women's Shorts",
        "localizedId": "shorts"
    },
    {
        "numId": 82,
        "id": "puffer-coats",
        "name": "Down & Puffer Coats",
        "shortName": "Down & Puffers",
        "fullName": "Women's Down & Puffer Coats",
        "localizedId": "puffer-coats"
    },
    {
        "numId": 2001,
        "id": "womens-boots-knee-high",
        "name": "Knee High Boots",
        "shortName": "Knee High",
        "fullName": "Women's Knee High Boots",
        "localizedId": "womens-boots-knee-high"
    },
    {
        "numId": 29,
        "id": "day-dresses",
        "name": "Day Dresses",
        "shortName": "Day",
        "fullName": "Women's Day Dresses",
        "localizedId": "day-dresses"
    },
    {
        "numId": 1992,
        "id": "printed-dresses",
        "name": "Printed Dresses",
        "shortName": "Printed",
        "fullName": "Women's Printed Dresses",
        "localizedId": "printed-dresses"
    },
    {
        "numId": 2055,
        "id": "mens-low-top-sneakers",
        "name": "Low Top Sneakers",
        "shortName": "Low Top",
        "fullName": "Men's Low Top Sneakers",
        "localizedId": "mens-low-top-sneakers"
    },
    {
        "numId": 1706,
        "id": "womens-tech-accessories",
        "name": "Tech Accessories",
        "shortName": "Tech",
        "fullName": "Tech accessories for women",
        "localizedId": "womens-tech-accessories"
    },
    {
        "numId": 2031,
        "id": "womens-slides",
        "name": "Slide Sandals",
        "shortName": "Slides",
        "fullName": "Women's Slide Sandals",
        "localizedId": "womens-slides"
    },
    {
        "numId": 1996,
        "id": "maxi-dresses",
        "name": "Maxi Dresses",
        "shortName": "Maxi",
        "fullName": "Women's Maxi Dresses",
        "localizedId": "maxi-dresses"
    },
    {
        "numId": 1988,
        "id": "formal-dresses",
        "name": "Formal Dresses",
        "shortName": "Formal",
        "fullName": "Women's Formal Dresses",
        "localizedId": "formal-dresses"
    },
    {
        "numId": 1997,
        "id": "long-sleeve-dresses",
        "name": "Long Sleeve Dresses",
        "shortName": "Long Sleeve",
        "fullName": "Women's Long Sleeve Dresses",
        "localizedId": "long-sleeve-dresses"
    },
    {
        "numId": 9,
        "id": "hats",
        "name": "Hats",
        "shortName": "Hats",
        "fullName": "Women's Hats",
        "localizedId": "hats"
    },
    {
        "numId": 76,
        "id": "watches",
        "name": "Watches",
        "shortName": "Watches",
        "fullName": "Women's Watches",
        "localizedId": "watches"
    },
    {
        "numId": 1974,
        "id": "womens-flats-loafers",
        "name": "Loafers",
        "shortName": "Loafers",
        "fullName": "Women's Loafer Flats",
        "localizedId": "womens-flats-loafers"
    },
    {
        "numId": 38,
        "id": "satchels",
        "name": "Satchels & Top Handle Bags",
        "shortName": "Satchels & Top Handles",
        "fullName": "Women's Satchels & Top Handle Bags",
        "localizedId": "satchels"
    },
    {
        "numId": 75,
        "id": "rings",
        "name": "Rings",
        "shortName": "Rings",
        "fullName": "Rings",
        "localizedId": "rings"
    },
    {
        "numId": 1745,
        "id": "jumpsuits-and-rompers",
        "name": "Jumpsuits & Rompers",
        "shortName": "Jumpsuits & Rompers",
        "fullName": "Women's Jumpsuits & Rompers",
        "localizedId": "jumpsuits-and-rompers"
    },
    {
        "numId": 122,
        "id": "mid-length-skirts",
        "name": "Mid Length Skirts",
        "shortName": "Mid-length",
        "fullName": "Women's Mid Length Skirts",
        "localizedId": "mid-length-skirts"
    },
    {
        "numId": 79,
        "id": "coats",
        "name": "Coats",
        "shortName": "Coats",
        "fullName": "Women's Coats",
        "localizedId": "coats"
    },
    {
        "numId": 2095,
        "id": "womens-long-coats",
        "name": "Long Coats",
        "shortName": "Long",
        "fullName": "Women's Long Coats",
        "localizedId": "womens-long-coats"
    },
    {
        "numId": 1987,
        "id": "cocktail-dresses",
        "name": "Cocktail Dresses",
        "shortName": "Cocktail",
        "fullName": "Women's Cocktail Dresses",
        "localizedId": "cocktail-dresses"
    },
    {
        "numId": 83,
        "id": "raincoats-and-trenchcoats",
        "name": "Raincoats & Trench Coats",
        "shortName": "Raincoats",
        "fullName": "Women's Raincoats & Trench Coats",
        "localizedId": "raincoats-and-trenchcoats"
    },
    {
        "numId": 1972,
        "id": "womens-flats-ballet",
        "name": "Ballet Flats",
        "shortName": "Ballet",
        "fullName": "Women's Ballet Flats",
        "localizedId": "womens-flats-ballet"
    },
    {
        "numId": 1726,
        "id": "mens-sneakers",
        "name": "Sneakers & Athletic Shoes",
        "shortName": "Sneakers & Athletic",
        "fullName": "Men's Sneakers & Athletic Shoes",
        "localizedId": "mens-sneakers"
    },
    {
        "numId": 418,
        "id": "straight-leg-jeans",
        "name": "Straight-Leg Jeans",
        "shortName": "Straight Fit",
        "fullName": "Women's Straight-Leg Jeans",
        "localizedId": "straight-leg-jeans"
    },
    {
        "numId": 2024,
        "id": "womens-pump-closed-toe",
        "name": "Closed Toe Pumps",
        "shortName": "Closed Toe",
        "fullName": "Women's Closed Toe Pumps",
        "localizedId": "womens-pump-closed-toe"
    },
    {
        "numId": 2038,
        "id": "womens-slingback",
        "name": "Slingbacks",
        "shortName": "Slingback",
        "fullName": "Women's Slingbacks",
        "localizedId": "womens-slingback"
    },
    {
        "numId": 2074,
        "id": "womens-cross-body-bags",
        "name": "Crossbody Bags",
        "shortName": "Cross Body",
        "fullName": "Women's Crossbody Bags",
        "localizedId": "womens-cross-body-bags"
    },
    {
        "numId": 2002,
        "id": "womens-boots-over-the-knee",
        "name": "Over the Knee Boots",
        "shortName": "Over the Knee",
        "fullName": "Women's Over the Knee Boots",
        "localizedId": "womens-boots-over-the-knee"
    },
    {
        "numId": 1014,
        "id": "maternity-swimsuits",
        "name": "Maternity Swimwear",
        "shortName": "Swimwear",
        "fullName": "Women's Maternity Swimwear",
        "localizedId": "maternity-swimsuits"
    },
    {
        "numId": 136,
        "id": "one-piece-swimsuits",
        "name": "One Piece Swimsuits",
        "shortName": "One-Piece",
        "fullName": "Women's One Piece Swimsuits",
        "localizedId": "one-piece-swimsuits"
    },
    {
        "numId": 36,
        "id": "hobo-bags",
        "name": "Hobo Bags",
        "shortName": "Hobos",
        "fullName": "Women's Hobo Bags",
        "localizedId": "hobo-bags"
    },
    {
        "numId": 1993,
        "id": "mini-dresses",
        "name": "Mini Dresses",
        "shortName": "Mini",
        "fullName": "Women's Mini Dresses",
        "localizedId": "mini-dresses"
    },
    {
        "numId": 4,
        "id": "belts",
        "name": "Belts",
        "shortName": "Belts",
        "fullName": "Women's Belts",
        "localizedId": "belts"
    },
    {
        "numId": 2062,
        "id": "bodysuits",
        "name": "Bodysuits",
        "shortName": "Bodysuits",
        "fullName": "Women's Bodysuits",
        "localizedId": "bodysuits"
    },
    {
        "numId": 120,
        "id": "skirts",
        "name": "Skirts",
        "shortName": "Skirts",
        "fullName": "Women's Skirts",
        "localizedId": "skirts"
    },
    {
        "numId": 555,
        "id": "sun-care",
        "name": "Sun Care",
        "shortName": "Sun",
        "fullName": "Sun Care",
        "localizedId": "sun-care"
    },
    {
        "numId": 978,
        "id": "blow-dryers-irons",
        "name": "Blow Dryers & Irons",
        "shortName": "Blow Dryers & Irons",
        "fullName": "Blow Dryers & Irons",
        "localizedId": "blow-dryers-irons"
    },
    {
        "numId": 1190,
        "id": "sweatshirts",
        "name": "Sweatshirts & Hoodies",
        "shortName": "Sweatshirts & Hoodies",
        "fullName": "Women's Sweatshirts & Hoodies",
        "localizedId": "sweatshirts"
    },
    {
        "numId": 1210,
        "id": "leather-jackets",
        "name": "Leather & Faux Leather Jackets",
        "shortName": "Leather",
        "fullName": "Women's Leather & Faux Leather Jackets",
        "localizedId": "leather-jackets"
    },
    {
        "numId": 1140,
        "id": "womens-pants",
        "name": "Pants",
        "shortName": "Pants",
        "fullName": "Women's Pants",
        "localizedId": "womens-pants"
    },
    {
        "numId": 152,
        "id": "plus-size-dresses",
        "name": "Plus Size Dresses",
        "shortName": "Dresses",
        "fullName": "Women's Plus Size Dresses",
        "localizedId": "plus-size-dresses"
    },
    {
        "numId": 22,
        "id": "bridal",
        "name": "Bridal",
        "shortName": "Bridal",
        "fullName": "Bridal",
        "localizedId": "bridal"
    },
    {
        "numId": 1229,
        "id": "bridal-dresses",
        "name": "Bridal Dresses",
        "shortName": "Bridal",
        "fullName": "Bridal Dresses",
        "localizedId": "bridal-dresses"
    },
    {
        "numId": 1977,
        "id": "womens-mules",
        "name": "Mules",
        "shortName": "Mules",
        "fullName": "Women's Mules",
        "localizedId": "womens-mules"
    },
    {
        "numId": 95,
        "id": "petite-dresses",
        "name": "Petite Dresses",
        "shortName": "Dresses",
        "fullName": "Women's Petite Dresses",
        "localizedId": "petite-dresses"
    },
    {
        "numId": 46,
        "id": "gowns",
        "name": "Nightgowns",
        "shortName": "Gowns",
        "fullName": "Women's Nightgowns",
        "localizedId": "gowns"
    },
    {
        "numId": 1986,
        "id": "party-dresses",
        "name": "Party Dresses",
        "shortName": "Party",
        "fullName": "Women's Party Dresses",
        "localizedId": "party-dresses"
    },
    {
        "numId": 116,
        "id": "pumps",
        "name": "Pumps",
        "shortName": "Heels",
        "fullName": "Women's Pumps",
        "localizedId": "pumps"
    },
    {
        "numId": 906,
        "id": "eye-shadow",
        "name": "Eye Shadow",
        "shortName": "Eye Shadow",
        "fullName": "Eye Shadow",
        "localizedId": "eye-shadow"
    },
    {
        "numId": 148,
        "id": "tees-and-tshirts",
        "name": "T-shirts",
        "shortName": "T-shirts",
        "fullName": "Women's T-shirts",
        "localizedId": "tees-and-tshirts"
    },
    {
        "numId": 89,
        "id": "leggings",
        "name": "Leggings",
        "shortName": "Leggings",
        "fullName": "Women's Leggings",
        "localizedId": "leggings"
    },
    {
        "numId": 69,
        "id": "fine-necklaces",
        "name": "Fine Necklaces",
        "shortName": "Necklaces",
        "fullName": "Fine Necklaces",
        "localizedId": "fine-necklaces"
    },
    {
        "numId": 73,
        "id": "necklaces",
        "name": "Necklaces",
        "shortName": "Necklaces",
        "fullName": "Necklaces",
        "localizedId": "necklaces"
    },
    {
        "numId": 97,
        "id": "petite-jackets",
        "name": "Petite Jackets",
        "shortName": "Jackets",
        "fullName": "Women's Petite Jackets",
        "localizedId": "petite-jackets"
    },
    {
        "numId": 61,
        "id": "distressed-jeans",
        "name": "Distressed Jeans",
        "shortName": "Distressed Jeans",
        "fullName": "Women's Distressed Jeans",
        "localizedId": "distressed-jeans"
    },
    {
        "numId": 64,
        "id": "skinny-jeans",
        "name": "Skinny Jeans",
        "shortName": "Skinny Fit",
        "fullName": "Women's Skinny Jeans",
        "localizedId": "skinny-jeans"
    },
    {
        "numId": 114,
        "id": "mules-and-clogs",
        "name": "Mules & Clogs",
        "shortName": "Mules & Clogs",
        "fullName": "Women's Mules & Clogs",
        "localizedId": "mules-and-clogs"
    },
    {
        "numId": 2070,
        "id": "womens-bucket-bags",
        "name": "Bucket Bags",
        "shortName": "Bucket",
        "fullName": "Women's Bucket Bags",
        "localizedId": "womens-bucket-bags"
    },
    {
        "numId": 1975,
        "id": "womens-flats-oxfords",
        "name": "Oxfords",
        "shortName": "Oxfords",
        "fullName": "Women's Oxford Flats",
        "localizedId": "womens-flats-oxfords"
    },
    {
        "numId": 925,
        "id": "face-makeup-removers",
        "name": "Face Makeup Removers",
        "shortName": "Makeup Removers",
        "fullName": "Face Makeup Removers",
        "localizedId": "face-makeup-removers"
    },
    {
        "numId": 154,
        "id": "plus-size-jackets",
        "name": "Plus Size Jackets",
        "shortName": "Jackets",
        "fullName": "Women's Plus Size Jackets",
        "localizedId": "plus-size-jackets"
    },
    {
        "numId": 2090,
        "id": "womens-bomber-jackets",
        "name": "Bomber Jackets",
        "shortName": "Bomber",
        "fullName": "Women's Bomber Jackets",
        "localizedId": "womens-bomber-jackets"
    },
    {
        "numId": 165,
        "id": "plus-size-tops",
        "name": "Plus Size Tops",
        "shortName": "Tops",
        "fullName": "Women's Plus Size Tops",
        "localizedId": "plus-size-tops"
    },
    {
        "numId": 2063,
        "id": "crop-tops",
        "name": "Crop Tops",
        "shortName": "Crop Tops",
        "fullName": "Women's Crop Tops",
        "localizedId": "crop-tops"
    },
    {
        "numId": 2112,
        "id": "womens-sleepwear-pajama-sets",
        "name": "Pajama Sets",
        "shortName": "Pajama Sets",
        "fullName": "Pajama Sets",
        "localizedId": "womens-sleepwear-pajama-sets"
    },
    {
        "numId": 2113,
        "id": "womens-sleepwear-tops",
        "name": "Sleepwear Tops",
        "shortName": "Tops",
        "fullName": "Sleepwear Tops",
        "localizedId": "womens-sleepwear-tops"
    },
    {
        "numId": 118,
        "id": "wedges",
        "name": "Wedges",
        "shortName": "Wedges",
        "fullName": "Women's Wedges",
        "localizedId": "wedges"
    },
    {
        "numId": 57,
        "id": "jeans",
        "name": "Jeans",
        "shortName": "Jeans",
        "fullName": "Women's Jeans",
        "localizedId": "jeans"
    },
    {
        "numId": 2020,
        "id": "womens-platform-sandals",
        "name": "Platform Sandals",
        "shortName": "Sandals",
        "fullName": "Women's Platform Sandals",
        "localizedId": "womens-platform-sandals"
    },
    {
        "numId": 2327,
        "id": "shirts",
        "name": "Shirts",
        "shortName": "Shirts",
        "fullName": "Women's Shirts",
        "localizedId": "shirts"
    },
    {
        "numId": 1142,
        "id": "plus-size-pants",
        "name": "Plus Size Pants",
        "shortName": "Pants",
        "fullName": "Women's Plus Size Pants",
        "localizedId": "plus-size-pants"
    },
    {
        "numId": 128,
        "id": "womens-suits",
        "name": "Suits",
        "shortName": "Suits",
        "fullName": "Women's Suits",
        "localizedId": "womens-suits"
    },
    {
        "numId": 60,
        "id": "cropped-jeans",
        "name": "Cropped Jeans",
        "shortName": "Cropped Fit",
        "fullName": "Women's Cropped Jeans",
        "localizedId": "cropped-jeans"
    },
    {
        "numId": 1998,
        "id": "womens-boots-ankle",
        "name": "Ankle Boots",
        "shortName": "Ankle",
        "fullName": "Women's Ankle Boots",
        "localizedId": "womens-boots-ankle"
    },
    {
        "numId": 2076,
        "id": "womens-mini-bags",
        "name": "Mini Bags",
        "shortName": "Mini",
        "fullName": "Women's Mini Bags",
        "localizedId": "womens-mini-bags"
    },
    {
        "numId": 1984,
        "id": "casual-dresses",
        "name": "Casual Dresses",
        "shortName": "Casual",
        "fullName": "Women's Casual Dresses",
        "localizedId": "casual-dresses"
    },
    {
        "numId": 130,
        "id": "cardigan-sweaters",
        "name": "Cardigans",
        "shortName": "Cardigans",
        "fullName": "Women's Cardigans",
        "localizedId": "cardigan-sweaters"
    },
    {
        "numId": 2096,
        "id": "womens-short-coats",
        "name": "Short Coats",
        "shortName": "Short",
        "fullName": "Women's Short Coats",
        "localizedId": "womens-short-coats"
    },
    {
        "numId": 41,
        "id": "womens-intimates",
        "name": "Lingerie",
        "shortName": "Intimates",
        "fullName": "Women's Lingerie",
        "localizedId": "womens-intimates"
    },
    {
        "numId": 123,
        "id": "long-skirts",
        "name": "Long Skirts",
        "shortName": "Long",
        "fullName": "Women's Long Skirts",
        "localizedId": "long-skirts"
    },
    {
        "numId": 129,
        "id": "sweaters",
        "name": "Sweaters",
        "shortName": "Sweaters",
        "fullName": "Women's Sweaters",
        "localizedId": "sweaters"
    },
    {
        "numId": 2061,
        "id": "blouses",
        "name": "Blouses",
        "shortName": "Blouses",
        "fullName": "Women's Blouses",
        "localizedId": "blouses"
    },
    {
        "numId": 2071,
        "id": "womens-belt-bags",
        "name": "Belt Bags",
        "shortName": "Belt",
        "fullName": "Women's Belt Bags",
        "localizedId": "womens-belt-bags"
    },
    {
        "numId": 1141,
        "id": "petite-pants",
        "name": "Petite Pants",
        "shortName": "Pants",
        "fullName": "Women's Petite Pants",
        "localizedId": "petite-pants"
    },
    {
        "numId": 112,
        "id": "evening-shoes",
        "name": "Evening Shoes",
        "shortName": "Evening",
        "fullName": "Women's Evening Shoes",
        "localizedId": "evening-shoes"
    },
    {
        "numId": 88,
        "id": "dress-pants",
        "name": "Dress Pants",
        "shortName": "Dress",
        "fullName": "Women's Dress Pants",
        "localizedId": "dress-pants"
    },
    {
        "numId": 163,
        "id": "plus-size-sweaters",
        "name": "Plus Size Sweaters",
        "shortName": "Sweaters",
        "fullName": "Women's Plus Size Sweaters",
        "localizedId": "plus-size-sweaters"
    },
    {
        "numId": 133,
        "id": "turleneck-sweaters",
        "name": "Turtleneck Sweaters",
        "shortName": "Turtlenecks",
        "fullName": "Women's Turtleneck Sweaters",
        "localizedId": "turleneck-sweaters"
    },
    {
        "numId": 954,
        "id": "body-lotions-creams",
        "name": "Body Lotions & Creams",
        "shortName": "Body Lotions & Creams",
        "fullName": "Body Lotions & Creams",
        "localizedId": "body-lotions-creams"
    },
    {
        "numId": 955,
        "id": "body-oils",
        "name": "Body Oils",
        "shortName": "Body Oils",
        "fullName": "Body Oils",
        "localizedId": "body-oils"
    },
    {
        "numId": 967,
        "id": "bath-body-gift-sets",
        "name": "Beauty & Skincare Sets",
        "shortName": "Beauty & Skincare Sets",
        "fullName": "Skincare Sets",
        "localizedId": "bath-body-gift-sets"
    },
    {
        "numId": 51,
        "id": "thongs",
        "name": "Thongs",
        "shortName": "Thongs",
        "fullName": "Women's Thongs",
        "localizedId": "thongs"
    },
    {
        "numId": 135,
        "id": "swimsuits",
        "name": "Swimwear",
        "shortName": "Swimwear",
        "fullName": "Women's Swimwear",
        "localizedId": "swimsuits"
    },
    {
        "numId": 80,
        "id": "fur-and-shearling-coats",
        "name": "Fur & Shearling Coats",
        "shortName": "Fur & Shearling",
        "fullName": "Women's Fur & Shearling Coats",
        "localizedId": "fur-and-shearling-coats"
    },
    {
        "numId": 115,
        "id": "platforms",
        "name": "Platforms",
        "shortName": "Platforms",
        "fullName": "Women's Platforms",
        "localizedId": "platforms"
    },
    {
        "numId": 72,
        "id": "earrings",
        "name": "Earrings",
        "shortName": "Earrings",
        "fullName": "Earrings",
        "localizedId": "earrings"
    },
    {
        "numId": 58,
        "id": "bootcut-jeans",
        "name": "Bootcut Jeans",
        "shortName": "Bootcut Fit",
        "fullName": "Women's Bootcut Jeans",
        "localizedId": "bootcut-jeans"
    },
    {
        "numId": 77,
        "id": "maternity-clothes",
        "name": "Maternity Clothing",
        "shortName": "Maternity",
        "fullName": "Women's Maternity Clothing",
        "localizedId": "maternity-clothes"
    },
    {
        "numId": 419,
        "id": "stretch-jeans",
        "name": "Stretch Jeans",
        "shortName": "Stretch Jeans",
        "fullName": "Women's Stretch Jeans",
        "localizedId": "stretch-jeans"
    },
    {
        "numId": 1192,
        "id": "key-chains",
        "name": "Key Chains",
        "shortName": "Key Chains",
        "fullName": "Key Chains",
        "localizedId": "key-chains"
    },
    {
        "numId": 96,
        "id": "petite-intimates",
        "name": "Petite Lingerie",
        "shortName": "Lingerie",
        "fullName": "Women's Petite Lingerie",
        "localizedId": "petite-intimates"
    },
    {
        "numId": 50,
        "id": "shapewear",
        "name": "Shapewear",
        "shortName": "Shapewear",
        "fullName": "Women's Shapewear",
        "localizedId": "shapewear"
    },
    {
        "numId": 86,
        "id": "casual-pants",
        "name": "Casual Pants",
        "shortName": "Casual",
        "fullName": "Women's Casual Pants",
        "localizedId": "casual-pants"
    },
    {
        "numId": 2008,
        "id": "womens-boots-cold-weather",
        "name": "Cold Weather Boots",
        "shortName": "Cold Weather",
        "fullName": "Women's Cold Weather Boots",
        "localizedId": "womens-boots-cold-weather"
    },
    {
        "numId": 1708,
        "id": "petite-sweatshirts",
        "name": "Petite Sweatshirts",
        "shortName": "Sweatshirts & Hoodies",
        "fullName": "Women's Petite Sweatshirts",
        "localizedId": "petite-sweatshirts"
    },
    {
        "numId": 2022,
        "id": "womens-pump-stiletto",
        "name": "Stiletto Pumps",
        "shortName": "Stiletto",
        "fullName": "Women's Stiletto Pumps",
        "localizedId": "womens-pump-stiletto"
    },
    {
        "numId": 2080,
        "id": "mens-cross-body-bags",
        "name": "Crossbody Bags",
        "shortName": "Cross Body",
        "fullName": "Men's Crossbody Bags",
        "localizedId": "mens-cross-body-bags"
    },
    {
        "numId": 1971,
        "id": "womens-shoes-booties",
        "name": "Booties",
        "shortName": "Booties",
        "fullName": "Women's Booties",
        "localizedId": "womens-shoes-booties"
    },
    {
        "numId": 2103,
        "id": "womens-straight-pants",
        "name": "Straight Pants",
        "shortName": "Straight",
        "fullName": "Women's Straight Pants",
        "localizedId": "womens-straight-pants"
    },
    {
        "numId": 26,
        "id": "dresses",
        "name": "Dresses",
        "shortName": "Dresses",
        "fullName": "Women's Dresses",
        "localizedId": "dresses"
    },
    {
        "numId": 1744,
        "id": "denim-jackets",
        "name": "Denim Jackets",
        "shortName": "Denim",
        "fullName": "Women's Denim Jackets",
        "localizedId": "denim-jackets"
    },
    {
        "numId": 131,
        "id": "cashmere-sweaters",
        "name": "Cashmere Sweaters",
        "shortName": "Cashmere",
        "fullName": "Women's Cashmere Sweaters",
        "localizedId": "cashmere-sweaters"
    },
    {
        "numId": 126,
        "id": "robes",
        "name": "Robes",
        "shortName": "Robes",
        "fullName": "Women's Robes",
        "localizedId": "robes"
    },
    {
        "numId": 2314,
        "id": "womens-matching-sets",
        "name": "Matching Sets",
        "shortName": "Matching Sets",
        "fullName": "Two-Piece Sets",
        "localizedId": "womens-matching-sets"
    },
    {
        "numId": 950,
        "id": "body-cleansers-soap",
        "name": "Bar Soap",
        "shortName": "Bar Soap",
        "fullName": "Bar Soap",
        "localizedId": "body-cleansers-soap"
    },
    {
        "numId": 137,
        "id": "two-piece-swimsuits",
        "name": "Two Piece Swimsuits",
        "shortName": "Bikinis",
        "fullName": "Women's Two Piece Swimsuits",
        "localizedId": "two-piece-swimsuits"
    },
    {
        "numId": 62,
        "id": "flare-jeans",
        "name": "Flare Jeans",
        "shortName": "Flare Fit",
        "fullName": "Women's Flare Jeans",
        "localizedId": "flare-jeans"
    },
    {
        "numId": 1207,
        "id": "mens-sweatshirts",
        "name": "Sweatshirts & Hoodies",
        "shortName": "Sweatshirts & Hoodies",
        "fullName": "Men's Sweatshirts & Hoodies",
        "localizedId": "mens-sweatshirts"
    },
    {
        "numId": 1978,
        "id": "womens-clogs",
        "name": "Clogs",
        "shortName": "Clogs",
        "fullName": "Women's Clogs",
        "localizedId": "womens-clogs"
    },
    {
        "numId": 2248,
        "id": "womens-joggers-sweats",
        "name": "Joggers & Sweats",
        "shortName": "Athletic",
        "fullName": "Joggers & Sweats",
        "localizedId": "womens-joggers-sweats"
    },
    {
        "numId": 42,
        "id": "bras",
        "name": "Bras",
        "shortName": "Bras",
        "fullName": "Women's Bras",
        "localizedId": "bras"
    },
    {
        "numId": 2019,
        "id": "womens-platform-sneakers",
        "name": "Platform Sneakers",
        "shortName": "Sneakers",
        "fullName": "Women's Platform Sneakers",
        "localizedId": "womens-platform-sneakers"
    },
    {
        "numId": 2102,
        "id": "womens-leather-pants",
        "name": "Leather Pants",
        "shortName": "Leather",
        "fullName": "Women's Leather Pants",
        "localizedId": "womens-leather-pants"
    },
    {
        "numId": 420,
        "id": "fine-rings",
        "name": "Fine Rings",
        "shortName": "Rings",
        "fullName": "Fine Rings",
        "localizedId": "fine-rings"
    },
    {
        "numId": 2073,
        "id": "womens-camera-bags",
        "name": "Camera Bags",
        "shortName": "Camera",
        "fullName": "Women's Camera Bags",
        "localizedId": "womens-camera-bags"
    },
    {
        "numId": 220,
        "id": "mens-shoes-athletic",
        "name": "Performance Sneakers",
        "shortName": "Performance",
        "fullName": "Men's Performance Sneakers",
        "localizedId": "mens-shoes-athletic"
    },
    {
        "numId": 177,
        "id": "mens-athletic",
        "name": "Activewear",
        "shortName": "Activewear",
        "fullName": "Men's Activewear",
        "localizedId": "mens-athletic"
    },
    {
        "numId": 92,
        "id": "petites",
        "name": "Petite Clothing",
        "shortName": "Petites",
        "fullName": "Women's Petite Clothing",
        "localizedId": "petites"
    },
    {
        "numId": 2030,
        "id": "womens-flip-flops",
        "name": "Flip Flop Sandals",
        "shortName": "Flip Flops",
        "fullName": "Women's Flip Flop Sandals",
        "localizedId": "womens-flip-flops"
    },
    {
        "numId": 2091,
        "id": "womens-capes",
        "name": "Capes",
        "shortName": "Capes",
        "fullName": "Women's Capes",
        "localizedId": "womens-capes"
    },
    {
        "numId": 10,
        "id": "scarves",
        "name": "Scarves & Wraps",
        "shortName": "Scarves & Wraps",
        "fullName": "Women's Scarves",
        "localizedId": "scarves"
    },
    {
        "numId": 1723,
        "id": "womens-espadrilles",
        "name": "Espadrilles",
        "shortName": "Espadrilles",
        "fullName": "Women's Espadrilles",
        "localizedId": "womens-espadrilles"
    },
    {
        "numId": 108,
        "id": "petite-tops",
        "name": "Petite Tops",
        "shortName": "Tops",
        "fullName": "Women's Petite Tops",
        "localizedId": "petite-tops"
    },
    {
        "numId": 87,
        "id": "cropped-pants",
        "name": "Cropped Pants",
        "shortName": "Cropped",
        "fullName": "Women's Cropped Pants",
        "localizedId": "cropped-pants"
    },
    {
        "numId": 553,
        "id": "eye-care",
        "name": "Eye Care",
        "shortName": "Eyes",
        "fullName": "Eye Care",
        "localizedId": "eye-care"
    },
    {
        "numId": 2104,
        "id": "womens-shorts-jean",
        "name": "Denim Shorts",
        "shortName": "Denim",
        "fullName": "Women's Denim Shorts",
        "localizedId": "womens-shorts-jean"
    },
    {
        "numId": 1999,
        "id": "womens-boots-chelsea",
        "name": "Chelsea Boots",
        "shortName": "Chelsea",
        "fullName": "Women's Chelsea Boots",
        "localizedId": "womens-boots-chelsea"
    },
    {
        "numId": 2011,
        "id": "womens-espadrilles-wedges",
        "name": "Wedge Espadrilles",
        "shortName": "Wedges",
        "fullName": "Women's Wedge Espadrilles",
        "localizedId": "womens-espadrilles-wedges"
    },
    {
        "numId": 2110,
        "id": "womens-skorts",
        "name": "Skorts",
        "shortName": "Skorts",
        "fullName": "Women's Skorts",
        "localizedId": "womens-skorts"
    },
    {
        "numId": 12,
        "id": "wallets",
        "name": "Wallets & Card Holders",
        "shortName": "Wallets & Card Holders",
        "fullName": "Women's Wallets & Card Holders",
        "localizedId": "wallets"
    },
    {
        "numId": 56,
        "id": "vests",
        "name": "Vests",
        "shortName": "Vests",
        "fullName": "Women's Vests",
        "localizedId": "vests"
    },
    {
        "numId": 2045,
        "id": "womens-sneaker-slip-on",
        "name": "Slip On Sneakers",
        "shortName": "Slip On",
        "fullName": "Women's Slip On Sneakers",
        "localizedId": "womens-sneaker-slip-on"
    },
    {
        "numId": 2083,
        "id": "womens-wide-leg-jeans",
        "name": "Wide-Leg Jeans",
        "shortName": "Wide Leg",
        "fullName": "Women's Wide-Leg Jeans",
        "localizedId": "womens-wide-leg-jeans"
    },
    {
        "numId": 153,
        "id": "plus-size-intimates",
        "name": "Plus Size Intimates",
        "shortName": "Intimates",
        "fullName": "Women's Plus Size Intimates",
        "localizedId": "plus-size-intimates"
    },
    {
        "numId": 2018,
        "id": "womens-platform-boots",
        "name": "Platform Boots",
        "shortName": "Boots",
        "fullName": "Women's Platform Boots",
        "localizedId": "womens-platform-boots"
    },
    {
        "numId": 2085,
        "id": "womens-overalls",
        "name": "Denim Overalls",
        "shortName": "Overalls",
        "fullName": "Women's Denim Overalls",
        "localizedId": "womens-overalls"
    },
    {
        "numId": 138,
        "id": "swimsuit-coverups",
        "name": "Swimsuit Coverups",
        "shortName": "Cover-ups",
        "fullName": "Women's Swimsuit Coverups",
        "localizedId": "swimsuit-coverups"
    },
    {
        "numId": 134,
        "id": "v-neck-sweaters",
        "name": "V-Neck Sweaters",
        "shortName": "V-Necks",
        "fullName": "Women's V-Neck Sweaters",
        "localizedId": "v-neck-sweaters"
    },
    {
        "numId": 2082,
        "id": "womens-boyfriend-jeans",
        "name": "Boyfriend Jeans",
        "shortName": "Boyfriend",
        "fullName": "Women's Boyfriend Jeans",
        "localizedId": "womens-boyfriend-jeans"
    },
    {
        "numId": 47,
        "id": "hosiery",
        "name": "Hosiery",
        "shortName": "Hosiery",
        "fullName": "Women's Hosiery",
        "localizedId": "hosiery"
    },
    {
        "numId": 2072,
        "id": "womens-beach-and-straw-bags",
        "name": "Beach & Straw Bags",
        "shortName": "Beach & Straw",
        "fullName": "Women's Beach & Straw Bags",
        "localizedId": "womens-beach-and-straw-bags"
    },
    {
        "numId": 2000,
        "id": "womens-boots-combat",
        "name": "Combat Boots",
        "shortName": "Combat",
        "fullName": "Women's Combat Boots",
        "localizedId": "womens-boots-combat"
    },
    {
        "numId": 1709,
        "id": "plus-size-sweatshirts",
        "name": "Plus Size Sweatshirts & Hoodies",
        "shortName": "Sweatshirts & Hoodies",
        "fullName": "Women's Plus Size Sweatshirts & Hoodies",
        "localizedId": "plus-size-sweatshirts"
    },
    {
        "numId": 2114,
        "id": "womens-sleepwear-bottoms",
        "name": "Bottoms",
        "shortName": "Bottoms",
        "fullName": "Bottoms",
        "localizedId": "womens-sleepwear-bottoms"
    },
    {
        "numId": 74,
        "id": "brooches-and-pins",
        "name": "Pins",
        "shortName": "Pins",
        "fullName": "Pins",
        "localizedId": "brooches-and-pins"
    },
    {
        "numId": 48,
        "id": "panties",
        "name": "Panties",
        "shortName": "Panties",
        "fullName": "Women's Panties",
        "localizedId": "panties"
    },
    {
        "numId": 904,
        "id": "face-luminizer",
        "name": "Face Highlighter",
        "shortName": "Highlighter",
        "fullName": "Face Highlighter",
        "localizedId": "face-luminizer"
    },
    {
        "numId": 972,
        "id": "hair-shampoo",
        "name": "Shampoo",
        "shortName": "Shampoo",
        "fullName": "Shampoo",
        "localizedId": "hair-shampoo"
    },
    {
        "numId": 70,
        "id": "bracelets",
        "name": "Bracelets",
        "shortName": "Bracelets",
        "fullName": "Bracelets",
        "localizedId": "bracelets"
    },
    {
        "numId": 2229,
        "id": "women-slim-fit-jean",
        "name": "Slim Jeans",
        "shortName": "Slim Fit",
        "fullName": "Women's Slim Jeans",
        "localizedId": "women-slim-fit-jean"
    },
    {
        "numId": 81,
        "id": "leather-and-suede-coats",
        "name": "Leather & Suede Coats",
        "shortName": "Leather & Faux Leather",
        "fullName": "Women's Leather & Suede Coats",
        "localizedId": "leather-and-suede-coats"
    },
    {
        "numId": 8,
        "id": "hair-accessories",
        "name": "Hair Accessories",
        "shortName": "Hair Accessories",
        "fullName": "Hair Accessories",
        "localizedId": "hair-accessories"
    },
    {
        "numId": 160,
        "id": "plus-size-skirts",
        "name": "Plus Size Skirts",
        "shortName": "Skirts",
        "fullName": "Women's Plus Size Skirts",
        "localizedId": "plus-size-skirts"
    },
    {
        "numId": 1965,
        "id": "womens-booties-lace-up",
        "name": "Lace up Booties",
        "shortName": "Lace-up",
        "fullName": "Women's Lace up Booties",
        "localizedId": "womens-booties-lace-up"
    },
    {
        "numId": 159,
        "id": "plus-size-shorts",
        "name": "Plus Size Shorts",
        "shortName": "Shorts",
        "fullName": "Women's Plus Size Shorts",
        "localizedId": "plus-size-shorts"
    },
    {
        "numId": 18,
        "id": "athletic-shorts",
        "name": "Activewear Shorts",
        "shortName": "Shorts",
        "fullName": "Women's Activewear Shorts",
        "localizedId": "athletic-shorts"
    },
    {
        "numId": 2111,
        "id": "womens-drawstring-shorts",
        "name": "Drawstring Shorts",
        "shortName": "Drawstring",
        "fullName": "Women's Drawstring Shorts",
        "localizedId": "womens-drawstring-shorts"
    },
    {
        "numId": 164,
        "id": "plus-size-swimsuits",
        "name": "Plus Size Swimwear",
        "shortName": "Swimwear",
        "fullName": "Women's Plus Size Swimwear",
        "localizedId": "plus-size-swimsuits"
    },
    {
        "numId": 2084,
        "id": "womens-ankle-fit-jeans",
        "name": "Ankle Jeans",
        "shortName": "Ankle Fit",
        "fullName": "Women's Ankle Jeans",
        "localizedId": "womens-ankle-fit-jeans"
    },
    {
        "numId": 2009,
        "id": "womens-espadrilles-closed-toe",
        "name": "Close Toe Espadrilles",
        "shortName": "Closed Toe",
        "fullName": "Women's Close Toe Espadrilles",
        "localizedId": "womens-espadrilles-closed-toe"
    },
    {
        "numId": 63,
        "id": "relaxed-jeans",
        "name": "Relaxed Jeans",
        "shortName": "Relaxed Fit",
        "fullName": "Women's Relaxed Jeans",
        "localizedId": "relaxed-jeans"
    },
    {
        "numId": 45,
        "id": "chemises",
        "name": "Chemises",
        "shortName": "Chemises",
        "fullName": "Women's Chemises",
        "localizedId": "chemises"
    },
    {
        "numId": 16,
        "id": "athletic-pants",
        "name": "Activewear Pants",
        "shortName": "Pants",
        "fullName": "Women's Activewear Pants",
        "localizedId": "athletic-pants"
    },
    {
        "numId": 90,
        "id": "skinny-pants",
        "name": "Skinny & Slim Pants",
        "shortName": "Skinny & Slim",
        "fullName": "Women's Skinny Pants",
        "localizedId": "skinny-pants"
    },
    {
        "numId": 951,
        "id": "deodorant",
        "name": "Deodorant",
        "shortName": "Deodorant",
        "fullName": "Deodorant",
        "localizedId": "deodorant"
    },
    {
        "numId": 2100,
        "id": "womens-tapered-pants",
        "name": "Tapered Pants",
        "shortName": "Tapered",
        "fullName": "Women's Tapered Pants",
        "localizedId": "womens-tapered-pants"
    },
    {
        "numId": 2058,
        "id": "mens-flip-flops",
        "name": "Flip Flop Sandals",
        "shortName": "Flip Flops",
        "fullName": "Men's Flip Flop Sandals",
        "localizedId": "mens-flip-flops"
    },
    {
        "numId": 224,
        "id": "mens-sandals",
        "name": "Sandals",
        "shortName": "Sandals",
        "fullName": "Men's Sandals",
        "localizedId": "mens-sandals"
    },
    {
        "numId": 2059,
        "id": "mens-slides",
        "name": "Slide Sandals",
        "shortName": "Slides",
        "fullName": "Men's Slide Sandals",
        "localizedId": "mens-slides"
    },
    {
        "numId": 1187,
        "id": "face-foundation",
        "name": "Foundations & Powders",
        "shortName": "Foundations & Powders",
        "fullName": "Foundations & Powders",
        "localizedId": "face-foundation"
    },
    {
        "numId": 1205,
        "id": "mens-backpacks",
        "name": "Backpacks",
        "shortName": "Backpacks",
        "fullName": "Men's Backpacks",
        "localizedId": "mens-backpacks"
    },
    {
        "numId": 552,
        "id": "face-care",
        "name": "Face Care",
        "shortName": "Face",
        "fullName": "Face Care",
        "localizedId": "face-care"
    },
    {
        "numId": 416,
        "id": "makeup",
        "name": "Makeup",
        "shortName": "Makeup",
        "fullName": "Makeup",
        "localizedId": "makeup"
    },
    {
        "numId": 2069,
        "id": "womens-bag-accessories",
        "name": "Bag Straps",
        "shortName": "Bag Straps",
        "fullName": "Women's Bag Straps",
        "localizedId": "womens-bag-accessories"
    },
    {
        "numId": 2109,
        "id": "womens-shorts-bike",
        "name": "Bike Shorts",
        "shortName": "Bike",
        "fullName": "Women's Bike Shorts",
        "localizedId": "womens-shorts-bike"
    },
    {
        "numId": 149,
        "id": "plus-sizes",
        "name": "Plus Size Clothing",
        "shortName": "Plus Sizes",
        "fullName": "Women's Plus Size Clothing",
        "localizedId": "plus-sizes"
    },
    {
        "numId": 1994,
        "id": "knee-length-dresses",
        "name": "Knee Length Dresses",
        "shortName": "Knee Length",
        "fullName": "Women's Knee Length Dresses",
        "localizedId": "knee-length-dresses"
    },
    {
        "numId": 106,
        "id": "petite-sweaters",
        "name": "Petite Sweaters",
        "shortName": "Sweaters",
        "fullName": "Women's Petite Sweaters",
        "localizedId": "petite-sweaters"
    },
    {
        "numId": 7,
        "id": "gloves",
        "name": "Gloves",
        "shortName": "Gloves",
        "fullName": "Women's Gloves",
        "localizedId": "gloves"
    },
    {
        "numId": 20,
        "id": "sports-bras-and-underwear",
        "name": "Sports Bras & Underwear",
        "shortName": "Sport Bras & Underwear",
        "fullName": "Women's Sports Bras & Underwear",
        "localizedId": "sports-bras-and-underwear"
    },
    {
        "numId": 71,
        "id": "charms",
        "name": "Charms",
        "shortName": "Charms",
        "fullName": "Charms",
        "localizedId": "charms"
    },
    {
        "numId": 894,
        "id": "blush",
        "name": "Face Blush",
        "shortName": "Blush",
        "fullName": "Face Blush",
        "localizedId": "blush"
    },
    {
        "numId": 174,
        "id": "mens-sunglasses",
        "name": "Sunglasses",
        "shortName": "Sunglasses",
        "fullName": "Men's Sunglasses",
        "localizedId": "mens-sunglasses"
    },
    {
        "numId": 908,
        "id": "eyeliner",
        "name": "Eyeliner",
        "shortName": "Eyeliner",
        "fullName": "Eyeliner",
        "localizedId": "eyeliner"
    },
    {
        "numId": 546,
        "id": "eye-makeup",
        "name": "Eye Makeup",
        "shortName": "Eyes",
        "fullName": "Eye Makeup",
        "localizedId": "eye-makeup"
    },
    {
        "numId": 983,
        "id": "makeup-travel-bags",
        "name": "Makeup & Travel Bags",
        "shortName": "Makeup & Travel Bags",
        "fullName": "Makeup & Travel Bags",
        "localizedId": "makeup-travel-bags"
    },
    {
        "numId": 84,
        "id": "wool-coats",
        "name": "Wool Coats",
        "shortName": "Wool",
        "fullName": "Women's Wool Coats",
        "localizedId": "wool-coats"
    },
    {
        "numId": 98,
        "id": "petite-jeans",
        "name": "Petite Denim",
        "shortName": "Denim",
        "fullName": "Women's Petite Denim",
        "localizedId": "petite-jeans"
    },
    {
        "numId": 49,
        "id": "socks",
        "name": "Socks",
        "shortName": "Socks",
        "fullName": "Women's Socks",
        "localizedId": "socks"
    },
    {
        "numId": 65,
        "id": "jewelry",
        "name": "Jewelry",
        "shortName": "Jewelry",
        "fullName": "Women's Jewelry",
        "localizedId": "jewelry"
    },
    {
        "numId": 44,
        "id": "camisoles",
        "name": "Camisoles",
        "shortName": "Camisoles",
        "fullName": "Women's Camisoles",
        "localizedId": "camisoles"
    },
    {
        "numId": 125,
        "id": "pajamas",
        "name": "Pajamas",
        "shortName": "Pajamas",
        "fullName": "Women's Pajamas",
        "localizedId": "pajamas"
    },
    {
        "numId": 155,
        "id": "plus-size-jeans",
        "name": "Plus Size Denim",
        "shortName": "Denim",
        "fullName": "Women's Plus Size Denim",
        "localizedId": "plus-size-jeans"
    },
    {
        "numId": 1704,
        "id": "womens-eyeglasses",
        "name": "Eyeglasses",
        "shortName": "Eyeglasses",
        "fullName": "Women's Eyeglasses",
        "localizedId": "womens-eyeglasses"
    },
    {
        "numId": 2280,
        "id": "women-shorts-bermuda",
        "name": "Bermuda Shorts",
        "shortName": "Bermuda",
        "fullName": "Bermuda Shorts",
        "localizedId": "women-shorts-bermuda"
    },
    {
        "numId": 455,
        "id": "boys-shoes",
        "name": "Boys' Shoes",
        "shortName": "Shoes",
        "fullName": "Boys' Shoes",
        "localizedId": "boys-shoes"
    },
    {
        "numId": 469,
        "id": "girls-shoes",
        "name": "Girls' Shoes",
        "shortName": "Shoes",
        "fullName": "Girls' Shoes",
        "localizedId": "girls-shoes"
    },
    {
        "numId": 261,
        "id": "teen-girls-dresses",
        "name": "Teen Girls' Dresses",
        "shortName": "Dresses",
        "fullName": "Teen Girls' Dresses",
        "localizedId": "teen-girls-dresses"
    },
    {
        "numId": 2097,
        "id": "womens-high-rise-pants",
        "name": "High Waist Pants",
        "shortName": "High Waist",
        "fullName": "Women's High Waist Pants",
        "localizedId": "womens-high-rise-pants"
    },
    {
        "numId": 916,
        "id": "lipstick",
        "name": "Lipstick",
        "shortName": "Lipstick",
        "fullName": "Lipstick",
        "localizedId": "lipstick"
    },
    {
        "numId": 100,
        "id": "petite-outerwear",
        "name": "Petite Outerwear",
        "shortName": "Outerwear",
        "fullName": "Women's Petite Outerwear",
        "localizedId": "petite-outerwear"
    },
    {
        "numId": 1707,
        "id": "womens-umbrellas",
        "name": "Umbrellas",
        "shortName": "Umbrellas",
        "fullName": "Women's Umbrellas",
        "localizedId": "womens-umbrellas"
    },
    {
        "numId": 2054,
        "id": "mens-loafers",
        "name": "Slip-on Loafers",
        "shortName": "Loafers",
        "fullName": "Men's Slip-on Loafers",
        "localizedId": "mens-loafers"
    },
    {
        "numId": 965,
        "id": "toothpaste",
        "name": "Toothpaste",
        "shortName": "Toothpaste",
        "fullName": "Toothpaste",
        "localizedId": "toothpaste"
    },
    {
        "numId": 914,
        "id": "lip-gloss",
        "name": "Lip Gloss",
        "shortName": "Lip Gloss",
        "fullName": "Lip Gloss",
        "localizedId": "lip-gloss"
    },
    {
        "numId": 2081,
        "id": "womens-jeans-legging",
        "name": "Jeggings",
        "shortName": "Leggings",
        "fullName": "Jeggings",
        "localizedId": "womens-jeans-legging"
    },
    {
        "numId": 67,
        "id": "fine-bracelets",
        "name": "Fine Bracelets",
        "shortName": "Bracelets",
        "fullName": "Fine Bracelets",
        "localizedId": "fine-bracelets"
    },
    {
        "numId": 59,
        "id": "classic-jeans",
        "name": "Classic Jeans",
        "shortName": "Classic Fit",
        "fullName": "Women's Classic Jeans",
        "localizedId": "classic-jeans"
    },
    {
        "numId": 1722,
        "id": "womens-shoes-accessories",
        "name": "Shoe Accessories",
        "shortName": "Shoes Accessories",
        "fullName": "Women's Shoe Accessories",
        "localizedId": "womens-shoes-accessories"
    },
    {
        "numId": 417,
        "id": "skin-care",
        "name": "Skin Care",
        "shortName": "Skin Care",
        "fullName": "Skin Care",
        "localizedId": "skin-care"
    },
    {
        "numId": 975,
        "id": "hair-conditioner",
        "name": "Conditioner",
        "shortName": "Conditioner",
        "fullName": "Conditioner",
        "localizedId": "hair-conditioner"
    },
    {
        "numId": 109,
        "id": "womens-shoes",
        "name": "Shoes",
        "shortName": "Shoes",
        "fullName": "Women's Shoes",
        "localizedId": "womens-shoes"
    },
    {
        "numId": 2282,
        "id": "women-shorts-chino",
        "name": "Chino Shorts",
        "shortName": "Chino",
        "fullName": "Chino Shorts",
        "localizedId": "women-shorts-chino"
    },
    {
        "numId": 958,
        "id": "body-scrubs-exfoliants",
        "name": "Body Scrubs & Exfoliants",
        "shortName": "Body Scrubs & Exfoliants",
        "fullName": "Body Scrubs & Exfoliants",
        "localizedId": "body-scrubs-exfoliants"
    },
    {
        "numId": 987,
        "id": "beauty-tools-bags-cases",
        "name": "Bags & Cases",
        "shortName": "Bags & Cases",
        "fullName": "Bags & Cases",
        "localizedId": "beauty-tools-bags-cases"
    },
    {
        "numId": 15,
        "id": "athletic-jackets",
        "name": "Activewear Jackets",
        "shortName": "Jackets",
        "fullName": "Women's Activewear Jackets",
        "localizedId": "athletic-jackets"
    },
    {
        "numId": 157,
        "id": "plus-size-outerwear",
        "name": "Plus Size Outerwear",
        "shortName": "Outerwear",
        "fullName": "Women's Plus Size Outerwear",
        "localizedId": "plus-size-outerwear"
    },
    {
        "numId": 2281,
        "id": "women-shorts-belted",
        "name": "Belted Shorts",
        "shortName": "Belted",
        "fullName": "Belted Shorts",
        "localizedId": "women-shorts-belted"
    },
    {
        "numId": 545,
        "id": "face-makeup",
        "name": "Face Makeup",
        "shortName": "Face",
        "fullName": "Face Makeup",
        "localizedId": "face-makeup"
    },
    {
        "numId": 127,
        "id": "slippers",
        "name": "Slippers",
        "shortName": "Slippers",
        "fullName": "Women's Slippers",
        "localizedId": "slippers"
    },
    {
        "numId": 2094,
        "id": "womens-parka-coats",
        "name": "Parkas",
        "shortName": "Parkas",
        "fullName": "Women's Parkas",
        "localizedId": "womens-parka-coats"
    },
    {
        "numId": 500,
        "id": "teen-girls-swimsuits",
        "name": "Teen Girls' Swimwear",
        "shortName": "Swimwear",
        "fullName": "Teen Girls' Swimwear",
        "localizedId": "teen-girls-swimsuits"
    },
    {
        "numId": 291,
        "id": "teen-girls-tops",
        "name": "Teen Girls' Tops",
        "shortName": "Tops",
        "fullName": "Teen Girls' Tops",
        "localizedId": "teen-girls-tops"
    },
    {
        "numId": 474,
        "id": "girls-swimsuits",
        "name": "Girls' Swimwear",
        "shortName": "Swimwear",
        "fullName": "Girls' Swimwear",
        "localizedId": "girls-swimsuits"
    },
    {
        "numId": 1673,
        "id": "girls-tops",
        "name": "Girls' Tops",
        "shortName": "Tops",
        "fullName": "Girls' Tops",
        "localizedId": "girls-tops"
    },
    {
        "numId": 921,
        "id": "nail-polish",
        "name": "Nail Polish",
        "shortName": "Nail Polish",
        "fullName": "Nail Polish",
        "localizedId": "nail-polish"
    },
    {
        "numId": 2130,
        "id": "mens-jackets-denim",
        "name": "Denim Jackets",
        "shortName": "Denim",
        "fullName": "Men's Denim Jackets",
        "localizedId": "mens-jackets-denim"
    },
    {
        "numId": 2129,
        "id": "mens-leather-jackets",
        "name": "Leather & Faux Leather Jackets",
        "shortName": "Leather",
        "fullName": "Men's Leather & Faux Leather Jackets",
        "localizedId": "mens-leather-jackets"
    },
    {
        "numId": 21,
        "id": "athletic-tops",
        "name": "Activewear Tops",
        "shortName": "Tops",
        "fullName": "Women's Activewear Tops",
        "localizedId": "athletic-tops"
    },
    {
        "numId": 194,
        "id": "mens-outerwear",
        "name": "Outerwear",
        "shortName": "Coats",
        "fullName": "Men's Outerwear",
        "localizedId": "mens-outerwear"
    },
    {
        "numId": 2135,
        "id": "mens-light-jackets",
        "name": "Jackets",
        "shortName": "Jackets",
        "fullName": "Men's Jackets",
        "localizedId": "mens-light-jackets"
    },
    {
        "numId": 961,
        "id": "hand-treatments",
        "name": "Hand Treatments",
        "shortName": "Hand Treatments",
        "fullName": "Hand Treatments",
        "localizedId": "hand-treatments"
    },
    {
        "numId": 107,
        "id": "petite-swimsuits",
        "name": "Petite Swimwear",
        "shortName": "Swimwear",
        "fullName": "Women's Petite Swimwear",
        "localizedId": "petite-swimsuits"
    },
    {
        "numId": 68,
        "id": "fine-earrings",
        "name": "Fine Earrings",
        "shortName": "Earrings",
        "fullName": "Fine Earrings",
        "localizedId": "fine-earrings"
    },
    {
        "numId": 2123,
        "id": "mens-puffer-coats",
        "name": "Down & Puffer Coats",
        "shortName": "Down & Puffers",
        "fullName": "Men's Down & Puffer Coats",
        "localizedId": "mens-puffer-coats"
    },
    {
        "numId": 548,
        "id": "lip-products",
        "name": "Lip Products",
        "shortName": "Lips",
        "fullName": "Lip Products",
        "localizedId": "lip-products"
    }
]